keys,en,ko
MENOS_CONTENT,MENOS Content,MENOS 콘텐츠
MAP_EDITOR,Map,맵
STAGE_EDITOR,Stage,스테이지
ROBOT_EDITOR,Robot,로봇
UNIT_EDITOR,Unit,유닛
TOWER_EDITOR,Tower,타워
BUILDING_EDITOR,Building,건물
CATALOG_EDITOR,Catalog,카달로그
FACTION_EDITOR,Faction,팩션
SKILL_EDITOR,Skill,스킬
MISSION_EDITOR,Mission,미션
CAMPAIGN_EDITOR,Campaign,켐페인
SETTINGS,Settings,설정
BGM,BGM,BGM
SFX,SFX,SFX
QUIT,Quit,종료
Asset Catalog,Asset Catalog,에셋 카탈로그
Catalog Editor,Catalog Editor,카탈로그 에디터
Content Editor,Content Editor,콘텐츠 에디터
Previous Editor,Previous Editor,이전 에디터
Reconnect to Previous Editor,Reconnect to Previous Editor,이전 에디터로 연결
Choose Project Image,Choose Project Image,프로젝트 이미지 선택
Open Source Image,Open Source Image,원본 이미지 열기
Save Edited Image,Save Edited Image,편집 이미지 저장
Cancel Image Edit,Cancel Image Edit,이미지 편집 취소
Clear Selection,Clear Selection,선택 해제
Select Asset,Select Asset,에셋 선택
Delete Visual Asset,Delete Visual Asset,비주얼 에셋 삭제
Register Selected Visual Asset,Register Selected Visual Asset,선택한 비주얼 에셋 등록
Register All PNGs as Visual Assets,Register All PNGs as Visual Assets,모든 PNG를 비주얼 에셋으로 등록
Audit Image References,Audit Image References,이미지 참조 검사
Use Full Source,Use Full Source,전체 원본 사용
Use Selected Region,Use Selected Region,선택 영역 사용
Use Selected Asset,Use Selected Asset,선택한 에셋 사용
Use Previous Editor Source,Use Previous Editor Source,이전 에디터 원본 사용
Source Image,Source Image,원본 이미지
Source Region,Source Region,원본 영역
Selected project image,Selected project image,선택한 프로젝트 이미지
Image,Image,이미지
ID,ID,ID
Name,Name,이름
Color,Color,색상
Type,Type,유형
Scope,Scope,범위
Order,Order,순서
Frame,Frame,프레임
Size,Size,크기
Anchor,Anchor,앵커
Background,Background,배경
Tolerance,Tolerance,허용 오차
Replace,Replace,교체
Remove Background Color,Remove Background Color,배경색 제거
Replace Color,Replace Color,색상 교체
Set Team Alpha,Set Team Alpha,팀 알파 설정
Eyedropper,Eyedropper,스포이드
Entire Image,Entire Image,전체 이미지
Selected Frame,Selected Frame,선택한 프레임
All Frames,All Frames,모든 프레임
All Layers,All Layers,모든 레이어
Row Major,Row Major,행 우선
Column Major,Column Major,열 우선
Apply Grid / Anchor,Apply Grid / Anchor,그리드 / 앵커 적용
Apply Size,Apply Size,크기 적용
Reset,Reset,초기화
Maximize,Maximize,최대화
Restore,Restore,복원
Reload,Reload,새로고침
PREVIEW,PREVIEW,미리보기
ROBOT PROPERTIES,ROBOT PROPERTIES,로봇 속성
ROBOT NAME,ROBOT NAME,로봇 이름
TOWER PROPERTIES,TOWER PROPERTIES,타워 속성
TOWER NAME,TOWER NAME,타워 이름
UNIT PROPERTIES,UNIT PROPERTIES,유닛 속성
SKILLS,SKILLS,스킬
Attack Type,Attack Type,공격 유형
Attack Cooldown,Attack Cooldown,공격 쿨다운
Attack Range,Attack Range,공격 사거리
Base Damage,Base Damage,기본 공격력
Base HP,Base HP,기본 HP
Build Cost,Build Cost,건설 비용
New faction,New faction,새 팩션
New mission,New mission,새 미션
New skill,New skill,새 스킬
ADD ROBOT,ADD ROBOT,로봇 추가
DELETE ROBOT,DELETE ROBOT,로봇 삭제
ADD TOWER,ADD TOWER,타워 추가
DELETE TOWER,DELETE TOWER,타워 삭제
NEW UNIT,NEW UNIT,새 유닛
DELETE UNIT,DELETE UNIT,유닛 삭제
+ Add Encounter,+ Add Encounter,+ 인카운터 추가
+ Add Group,+ Add Group,+ 그룹 추가
+ Add Wave,+ Add Wave,+ 웨이브 추가
Encounters,Encounters,인카운터
Ground Layer,Ground Layer,지면 레이어
Road Layer,Road Layer,도로 레이어
Vegetation Layer,Vegetation Layer,식생 레이어
View Layer,View Layer,레이어 보기
Gameplay Elements,Gameplay Elements,게임플레이 요소
MAP SIZE (32 px / tile),MAP SIZE (32 px / tile),맵 크기 (타일당 32px)
TEAM COLOR MASK,TEAM COLOR MASK,팀 색상 마스크
GENERATE MASK,GENERATE MASK,마스크 생성
IMAGE ASSET MANAGEMENT,IMAGE ASSET MANAGEMENT,이미지 에셋 관리
SPRITE ANIMATIONS,SPRITE ANIMATIONS,스프라이트 애니메이션
Sprite Sheet Grid / Anchor,Sprite Sheet Grid / Anchor,스프라이트 시트 그리드 / 앵커
Frame Transform,Frame Transform,프레임 변환
ANIMATION PREVIEW,ANIMATION PREVIEW,애니메이션 미리보기
Projectile Animation,Projectile Animation,투사체 애니메이션
Sprite Animation,Sprite Animation,스프라이트 애니메이션
Melee,Melee,근접
Ranged,Ranged,원거리
Object,Object,오브젝트
Tile,Tile,타일
None,None,없음
CUSTOM,CUSTOM,사용자 지정
CENTER,CENTER,중앙
CENTER_LEFT,CENTER_LEFT,중앙 왼쪽
BOTTOM_CENTER,BOTTOM_CENTER,하단 중앙
BOTTOM_LEFT,BOTTOM_LEFT,하단 왼쪽
Edge-connected only,Edge-connected only,가장자리 연결 영역만
Normalize Selection,Normalize Selection,선택 영역 정규화
Asset ID,Asset ID,에셋 ID
Asset Usage,Asset Usage,에셋 사용처
ASSET DATA AUTHORING,ASSET DATA AUTHORING,에셋 데이터 제작
REGISTERED ASSETS / VISUAL ASSETS,REGISTERED ASSETS / VISUAL ASSETS,등록된 에셋 / 비주얼 에셋
Search Asset ID / name / source,Search Asset ID / name / source,에셋 ID / 이름 / 원본 검색
Search image / project / category,Search image / project / category,이미지 / 프로젝트 / 카테고리 검색
Select a source image or asset first.,Select a source image or asset first.,먼저 원본 이미지 또는 에셋을 선택하세요.
Select a valid source image or region.,Select a valid source image or region.,유효한 원본 이미지 또는 영역을 선택하세요.
Select a Visual Asset first.,Select a Visual Asset first.,먼저 비주얼 에셋을 선택하세요.
Select an asset first.,Select an asset first.,먼저 에셋을 선택하세요.
Select a catalog entry to remove.,Select a catalog entry to remove.,삭제할 카탈로그 항목을 선택하세요.
Select a catalog entry to update.,Select a catalog entry to update.,업데이트할 카탈로그 항목을 선택하세요.
Enter a display name first.,Enter a display name first.,먼저 표시 이름을 입력하세요.
Enter a new Visual Asset ID.,Enter a new Visual Asset ID.,새 비주얼 에셋 ID를 입력하세요.
Visual Asset ID is required.,Visual Asset ID is required.,비주얼 에셋 ID가 필요합니다.
Visual Asset ID already exists.,Visual Asset ID already exists.,비주얼 에셋 ID가 이미 존재합니다.
Visual Asset ID contains invalid characters.,Visual Asset ID contains invalid characters.,비주얼 에셋 ID에 사용할 수 없는 문자가 포함되어 있습니다.
CHECK SELECTED TOWER,CHECK SELECTED TOWER,선택한 타워 검사
CHECK SELECTED UNIT,CHECK SELECTED UNIT,선택한 유닛 검사
LV2 UPGRADE,LV2 UPGRADE,레벨 2 업그레이드
ROBOT COMBAT,ROBOT COMBAT,로봇 전투
ROBOTS,ROBOTS,로봇
UNITS,UNITS,유닛
SAVE JSON,SAVE JSON,JSON 저장
